country,forest_area,freshwater,paris_agreement,years_since_unfccc,hdi,renewable_energy_consumption,total_greenhouse_gas_emission,region
Algeria,0.82,11.2,1.0,31.0,0.745,0.2,260685.67122000002,African Group
Angola,53.43,148.0,0.0,24.0,0.591,61.0,70275.60595,African Group
Benin,27.8,10.3,1.0,30.0,0.504,46.2,15017.664044,African Group
Botswana,26.92,2.4,1.0,30.0,0.708,27.2,12161.814371,African Group
Burkina Faso,22.72,12.5,1.0,31.0,0.438,67.5,30925.64507,African Group
Burundi,10.89,10.1,0.0,27.0,0.42,83.5,3608.0469310000003,African Group
Cabo Verde,11.34,0.3,1.0,29.0,0.661,23.4,773.283239,African Group
Cameroon,43.03,273.0,1.0,30.0,0.587,78.9,90125.59882,African Group
Central African Republic,35.8,141.0,1.0,29.0,0.387,90.9,20973.68377,African Group
Chad,3.43,15.0,1.0,30.0,0.394,73.6,88731.91414000001,African Group
Comoros,17.7,1.2,1.0,30.0,0.586,48.3,611.83367,African Group
Congo,64.26,222.0,1.0,28.0,0.593,71.9,18721.176765999997,African Group
Côte d’Ivoire,8.92,76.8,1.0,30.0,0.534,63.3,22419.47125,African Group
Democratic Republic of the Congo,55.65,900.0,1.0,29.0,0.481,96.2,53670.37521,African Group
Djibouti,0.25,0.3,1.0,29.0,0.515,31.9,1346.805919,African Group
Egypt,0.05,1.0,1.0,30.0,0.728,6.5,295626.74723,African Group
Equatorial Guinea,87.29,26.0,1.0,24.0,0.65,7.0,9162.054719,African Group
Eritrea,10.45,2.8,0.0,29.0,0.493,80.9,6169.104706,African Group
Ethiopia,15.24,122.0,1.0,30.0,0.492,89.5,166504.88426999998,African Group
Gabon,91.32,164.0,1.0,26.0,0.693,90.1,13323.886677,African Group
Gambia,23.98,3.0,1.0,30.0,0.495,49.7,2316.867878,African Group
Ghana,35.1,30.3,1.0,29.0,0.602,40.3,37618.192501,African Group
Guinea,25.19,226.0,1.0,31.0,0.471,65.8,28173.636465999996,African Group
Guinea-Bissau,70.41,16.0,1.0,29.0,0.483,87.2,2355.9776190000002,African Group
Kenya,6.34,20.7,1.0,30.0,0.601,72.5,78018.33186,African Group
Lesotho,1.14,5.2,1.0,29.0,0.521,41.4,3848.591561,African Group
Liberia,79.08,200.0,1.0,22.0,0.487,93.0,1813.6708390000001,African Group
Libya,0.12,0.7,0.0,25.0,0.746,3.1,70297.772547,African Group
Madagascar,21.36,337.0,1.0,25.0,0.487,84.8,29432.757249000002,African Group
Malawi,23.78,16.1,1.0,30.0,0.508,70.3,11084.555339,African Group
Mali,10.9,60.0,1.0,30.0,0.41,63.8,42308.08295,African Group
Mauritania,0.3,0.4,1.0,30.0,0.54,23.8,14017.184358,African Group
Mauritius,19.1,2.8,1.0,32.0,0.796,9.4,5915.795287999999,African Group
Morocco,12.87,29.0,1.0,29.0,0.698,10.9,87442.938802,African Group
Mozambique,46.73,100.3,1.0,29.0,0.461,80.9,32800.698461,African Group
Namibia,8.06,6.2,1.0,29.0,0.61,31.3,13209.645547,African Group
Niger,0.85,3.5,1.0,29.0,0.394,81.9,44023.20363,African Group
Nigeria,23.75,221.0,1.0,30.0,0.548,82.5,304234.17718,African Group
Rwanda,11.19,9.5,1.0,26.0,0.548,81.7,6069.135704,African Group
Sao Tome and Principe,54.06,2.2,1.0,25.0,0.613,41.6,170.13039,African Group
Senegal,41.91,25.8,1.0,30.0,0.517,38.6,28466.228496000003,African Group
Seychelles,73.26,21.558329192732447,1.0,32.0,0.802,1.3,697.4353350000001,African Group
Sierra Leone,35.12,160.0,1.0,29.0,0.458,75.1,5768.621037999999,African Group
Somalia,9.53,6.0,1.0,15.0,0.38,95.5,25961.407449,African Group
South Africa,14.06,44.8,1.0,27.0,0.717,9.8,483447.80227999995,African Group
South Sudan,11.33,26.0,0.0,10.0,0.381,33.2,55946.88077999999,African Group
Sudan,9.84,4.0,1.0,31.0,0.516,62.1,105984.23070000001,African Group
Eswatini,28.93,2.6,1.0,28.0,0.61,66.0,2897.278828,African Group
Togo,22.23,11.5,1.0,29.0,0.547,76.6,7398.63638,African Group
Tunisia,4.52,4.2,1.0,31.0,0.732,12.9,39244.846715,African Group
Uganda,11.66,39.0,1.0,31.0,0.55,92.9,39257.47138,African Group
United Republic of Tanzania,51.64,84.0,1.0,28.0,0.532,84.0,88216.06114,African Group
Zambia,60.28,80.2,1.0,31.0,0.569,81.8,35419.34697,African Group
Zimbabwe,45.09,12.3,1.0,32.0,0.55,84.4,25064.172541,African Group
Afghanistan,1.85,47.2,1.0,22.0,0.462,17.6,29794.892761,Asia-Pacific Group
Bahrain,0.91,0.0,1.0,30.0,0.888,0.0,50283.272428000004,Asia-Pacific Group
Bangladesh,14.47,105.0,1.0,30.0,0.67,28.0,202473.94363000002,Asia-Pacific Group
Bhutan,71.49,78.0,1.0,29.0,0.681,88.4,1583.9893260000001,Asia-Pacific Group
Brunei Darussalam,72.11,8.5,1.0,17.0,0.823,0.0,11264.770316,Asia-Pacific Group
Cambodia,45.71,120.6,1.0,29.0,0.6,51.4,41273.818194,Asia-Pacific Group
China,23.34,2812.9,1.0,31.0,0.788,14.8,12667891.5913,Asia-Pacific Group
Cyprus,18.67,0.8,1.0,27.0,0.907,15.0,7893.160735,Asia-Pacific Group
Democratic People's Republic of Korea,50.08,67.0,1.0,30.0,0.5535262864635462,12.7,73172.729016,Asia-Pacific Group
Fiji,62.4,28.6,1.0,31.0,0.729,31.8,1663.081599,Asia-Pacific Group
India,24.27,1446.0,1.0,31.0,0.644,35.8,3177494.7621999998,Asia-Pacific Group
Indonesia,49.07,2018.7,1.0,30.0,0.713,22.0,972787.5520900001,Asia-Pacific Group
Iran (Islamic Republic of),6.6,128.5,0.0,28.0,0.78,1.0,830923.0787600001,Asia-Pacific Group
Iraq,1.9,35.2,0.0,15.0,0.673,1.1,254868.16164900002,Asia-Pacific Group
Japan,68.4,430.0,1.0,31.0,0.92,8.5,1058346.41766,Asia-Pacific Group
Jordan,1.1,0.7,1.0,31.0,0.736,11.0,28878.058557999997,Asia-Pacific Group
Kazakhstan,1.28,64.4,1.0,29.0,0.802,1.8,293243.61572,Asia-Pacific Group
Kiribati,1.46,21.348854916719738,1.0,29.0,0.628,42.8,85.234366,Asia-Pacific Group
Kuwait,0.35,0.0,1.0,30.0,0.847,0.1,115896.48398599999,Asia-Pacific Group
Kyrgyzstan,6.86,48.9,0.0,24.0,0.701,30.0,15961.297206000001,Asia-Pacific Group
Lao People's Democratic Republic,71.9,190.4,1.0,29.0,0.62,49.9,30333.286498,Asia-Pacific Group
Lebanon,14.01,4.8,0.0,30.0,0.723,6.7,25780.527367000002,Asia-Pacific Group
Malaysia,58.18,580.0,1.0,30.0,0.807,5.8,291579.993837,Asia-Pacific Group
Maldives,2.73,0.0,1.0,32.0,0.762,1.3,1600.8839300000002,Asia-Pacific Group
Marshall Islands,52.22,21.38173491052988,1.0,32.0,0.731,12.0,142.610565,Asia-Pacific Group
Micronesia (Federated States of),92.03,21.526197511591672,1.0,31.0,0.634,2.0,187.736317,Asia-Pacific Group
Mongolia,9.12,34.8,1.0,31.0,0.741,4.0,53589.95689,Asia-Pacific Group
Myanmar,43.71,1002.8,1.0,30.0,0.608,59.8,128941.14659,Asia-Pacific Group
Nepal,41.59,198.2,1.0,30.0,0.601,74.5,45770.632411,Asia-Pacific Group
Oman,0.01,1.4,1.0,29.0,0.819,0.1,91912.29403800001,Asia-Pacific Group
Pakistan,4.83,55.0,1.0,30.0,0.54,46.6,422511.19025,Asia-Pacific Group
Palau,90.02,21.280690225366573,1.0,25.0,0.797,0.9,177.72630199999998,Asia-Pacific Group
Papua New Guinea,79.18,801.0,1.0,31.0,0.568,54.3,18050.71925,Asia-Pacific Group
Philippines,24.11,479.0,1.0,30.0,0.71,29.1,213649.08913,Asia-Pacific Group
State of Palestine,1.68,0.8,1.0,9.0,0.716,15.0,192617.50673935332,Asia-Pacific Group
Qatar,0.0,0.1,1.0,28.0,0.875,0.1,118889.609633,Asia-Pacific Group
Republic of Korea,64.52,64.9,1.0,31.0,0.929,3.6,601768.72481,Asia-Pacific Group
Samoa,57.13,22.86595983262122,1.0,30.0,0.702,37.5,524.318361,Asia-Pacific Group
Saudi Arabia,0.45,2.4,1.0,30.0,0.875,0.1,624435.51151,Asia-Pacific Group
Singapore,21.93,0.6,1.0,27.0,0.949,0.9,58364.130640999996,Asia-Pacific Group
Solomon Islands,90.14,44.7,1.0,30.0,0.562,49.0,662.580567,Asia-Pacific Group
Sri Lanka,33.7,52.8,1.0,31.0,0.78,49.3,33381.16644,Asia-Pacific Group
Syrian Arab Republic,2.84,7.1,1.0,28.0,0.557,1.1,44461.86243,Asia-Pacific Group
Tajikistan,3.05,63.5,1.0,26.0,0.679,38.8,17280.843571999998,Asia-Pacific Group
Thailand,38.9,224.5,1.0,30.0,0.803,20.8,362303.45800000004,Asia-Pacific Group
Timor-Leste,61.94,8.2,1.0,18.0,0.566,11.4,5514.816109,Asia-Pacific Group
Tonga,12.43,21.78112784994462,1.0,26.0,0.739,1.9,262.706858,Asia-Pacific Group
Turkey,28.87,227.0,0.0,20.0,0.855,13.7,495983.03941,Asia-Pacific Group
Turkmenistan,8.78,1.4,1.0,29.0,0.744,0.1,193800.796963,Asia-Pacific Group
Tuvalu,33.33,21.298899494703484,1.0,31.0,0.653,6.7,19.61768,Asia-Pacific Group
United Arab Emirates,4.47,0.2,1.0,29.0,0.937,0.9,246863.04494400002,Asia-Pacific Group
Uzbekistan,8.67,16.3,1.0,31.0,0.727,1.0,186169.05645,Asia-Pacific Group
Vanuatu,36.28,10.0,1.0,31.0,0.614,26.0,581.906886,Asia-Pacific Group
Viet Nam,47.23,359.4,1.0,30.0,0.726,19.1,461774.87270999997,Asia-Pacific Group
Yemen,1.04,2.1,0.0,28.0,0.424,3.5,23867.112161,Asia-Pacific Group
Albania,28.79,26.9,1.0,30.0,0.789,44.6,8090.582615,Eastern European Group
Armenia,11.54,6.9,1.0,31.0,0.786,8.4,10240.101563,Eastern European Group
Azerbaijan,13.69,8.1,1.0,29.0,0.76,1.2,54831.685757,Eastern European Group
Belarus,43.19,34.0,1.0,24.0,0.801,8.4,87783.30443,Eastern European Group
Bosnia and Herzegovina,42.73,35.5,1.0,24.0,0.779,37.7,25891.458149,Eastern European Group
Bulgaria,35.86,21.0,1.0,29.0,0.799,21.1,45447.326264999996,Eastern European Group
Croatia,34.65,37.7,1.0,28.0,0.878,32.4,21068.640908,Eastern European Group
Czechia,34.67,13.2,1.0,31.0,0.895,17.0,105972.287858,Eastern European Group
Estonia,56.09,12.7,1.0,30.0,0.899,40.0,10021.829958,Eastern European Group
Georgia,40.62,58.1,1.0,30.0,0.814,23.5,17546.391024999997,Eastern European Group
Hungary,22.68,6.0,1.0,30.0,0.851,14.8,58210.01351700001,Eastern European Group
Latvia,54.85,16.9,1.0,29.0,0.879,43.8,11234.914367,Eastern European Group
Lithuania,35.13,15.5,1.0,29.0,0.879,31.7,19306.305232,Eastern European Group
Montenegro,61.49,25.124881183132132,1.0,18.0,0.844,39.6,3461.100304,Eastern European Group
Poland,30.97,53.6,1.0,30.0,0.881,16.1,331628.58612,Eastern European Group
Republic of Moldova,11.75,1.6,1.0,29.0,0.763,23.7,12891.584842,Eastern European Group
Romania,30.12,42.4,1.0,30.0,0.827,24.1,94274.817478,Eastern European Group
Russian Federation,49.78,4312.0,1.0,30.0,0.821,3.7,2304729.3506799997,Eastern European Group
Serbia,31.13,8.4,1.0,23.0,0.805,26.0,62432.805628,Eastern European Group
Slovakia,40.06,12.6,1.0,30.0,0.855,17.6,35477.794783,Eastern European Group
Slovenia,61.46,18.7,1.0,29.0,0.926,22.4,14982.332441999999,Eastern European Group
North Macedonia,39.71,5.4,1.0,26.0,0.765,20.3,9713.116627,Eastern European Group
Ukraine,16.73,55.1,1.0,27.0,0.734,8.7,226382.02478,Eastern European Group
Antigua and Barbuda,18.45,0.1,1.0,31.0,0.826,0.7,691.229295,GRULAC
Argentina,10.44,292.0,1.0,30.0,0.849,9.8,336633.08829,GRULAC
Bahamas,50.94,0.7,1.0,30.0,0.82,1.4,2712.998786,GRULAC
Barbados,14.65,0.1,1.0,30.0,0.809,4.6,3494.1196919999998,GRULAC
Belize,55.99,15.3,1.0,30.0,0.7,30.2,1407.053872,GRULAC
Bolivia (Plurinational State of),46.92,303.5,1.0,30.0,0.698,16.9,54811.227838000006,GRULAC
Brazil,59.42,5661.0,1.0,30.0,0.76,50.1,1054456.0247,GRULAC
Chile,24.49,885.0,1.0,30.0,0.86,26.7,103222.76740200001,GRULAC
Colombia,53.31,2145.0,1.0,29.0,0.758,31.3,179992.21417000002,GRULAC
Costa Rica,59.44,113.0,1.0,30.0,0.806,36.4,13493.638228,GRULAC
Cuba,31.17,38.1,1.0,30.0,0.764,23.9,37900.156892,GRULAC
Dominica,63.83,0.2,1.0,31.0,0.74,8.3,227.199945,GRULAC
Dominican Republic,44.38,23.5,1.0,26.0,0.766,16.7,35519.92458,GRULAC
Ecuador,50.32,442.4,1.0,31.0,0.765,20.1,67084.12365,GRULAC
El Salvador,28.18,15.6,1.0,29.0,0.674,23.7,10661.542191,GRULAC
Grenada,52.06,0.2,1.0,30.0,0.793,10.4,2378.997126,GRULAC
Guatemala,32.92,109.2,1.0,29.0,0.629,65.5,32662.600871,GRULAC
Guyana,93.55,241.0,1.0,30.0,0.742,12.0,5182.237673,GRULAC
Haiti,12.6,13.0,1.0,28.0,0.552,76.3,9946.043803,GRULAC
Honduras,56.83,90.7,1.0,29.0,0.624,50.1,19700.41421,GRULAC
Jamaica,55.11,10.8,1.0,29.0,0.706,11.4,7071.222675,GRULAC
Mexico,33.79,409.0,1.0,31.0,0.781,12.3,569903.52329,GRULAC
Nicaragua,28.32,156.2,1.0,29.0,0.669,52.1,17734.373077,GRULAC
Panama,56.68,136.6,1.0,29.0,0.82,28.4,15883.701565000001,GRULAC
Paraguay,40.53,117.0,1.0,30.0,0.731,61.4,48938.02379,GRULAC
Peru,56.51,1641.0,1.0,31.0,0.762,31.6,88459.23488999999,GRULAC
Saint Kitts and Nevis,42.31,0.0,1.0,31.0,0.838,1.4,320.057291,GRULAC
Saint Lucia,34.05,0.3,1.0,31.0,0.725,10.0,799.4368319999999,GRULAC
Suriname,97.41,99.0,1.0,27.0,0.69,14.7,4195.081843,GRULAC
Trinidad and Tobago,44.48,3.8,1.0,30.0,0.814,0.5,22499.885733,GRULAC
Uruguay,11.6,92.2,1.0,30.0,0.83,61.1,34875.581307,GRULAC
Venezuela (Bolivarian Republic of),52.41,805.0,1.0,30.0,0.699,23.3,183200.45422,GRULAC
Andorra,34.04,0.3,1.0,13.0,0.884,21.9,504.24416899999994,WEOG
Australia,17.44,492.0,1.0,32.0,0.946,10.9,559813.37906,WEOG
Austria,47.25,55.0,1.0,30.0,0.926,35.8,69765.219348,WEOG
Belgium,22.76,12.0,1.0,28.0,0.942,12.3,97902.38292999999,WEOG
Canada,38.15,2850.0,1.0,32.0,0.935,23.9,664097.39543,WEOG
Denmark,14.97,6.0,1.0,31.0,0.952,39.7,40628.099648,WEOG
Finland,73.74,107.0,1.0,30.0,0.942,47.5,46713.285929,WEOG
France,31.51,200.0,1.0,30.0,0.91,16.9,361808.90255,WEOG
Germany,32.73,107.0,1.0,31.0,0.95,18.6,684083.20897,WEOG
Greece,30.27,58.0,1.0,30.0,0.893,20.1,64831.273194,WEOG
Iceland,0.51,170.0,1.0,31.0,0.959,82.8,2330.423414,WEOG
Ireland,11.35,49.0,1.0,30.0,0.95,13.7,58567.923119,WEOG
Israel,6.47,0.8,1.0,28.0,0.915,5.6,70963.806836,WEOG
Italy,32.52,182.5,1.0,30.0,0.906,18.7,341165.11468,WEOG
Liechtenstein,41.88,21.17780373439004,1.0,30.0,0.942,55.2,145.455338,WEOG
Luxembourg,36.5,1.0,1.0,30.0,0.927,20.8,8767.388664,WEOG
Malta,1.44,0.1,1.0,30.0,0.915,9.2,1886.957802,WEOG
Netherlands,10.97,11.0,1.0,31.0,0.946,10.8,153852.587705,WEOG
New Zealand,37.57,327.0,1.0,31.0,0.939,28.6,78511.52125,WEOG
Norway,40.05,382.0,1.0,31.0,0.966,61.3,44043.155788000004,WEOG
Portugal,36.15,38.0,1.0,31.0,0.874,31.2,53448.848959,WEOG
Spain,37.17,111.2,1.0,31.0,0.911,19.4,263369.39652,WEOG
Sweden,68.69,171.0,1.0,31.0,0.952,58.4,44749.265934,WEOG
Switzerland,32.11,40.4,1.0,31.0,0.967,26.4,42288.052088,WEOG
United Kingdom of Great Britain and Northern Ireland,13.19,145.0,1.0,31.0,0.94,13.5,386762.66387,WEOG
United States of America,33.87,2818.0,1.0,32.0,0.927,11.2,5326776.2589,WEOG
